{"cameraMode":{"drawMode":0,"name":"Shaded","section":"Shading Mode"},"sceneLighting":true,"audioPlay":false,"sceneViewState":{"showFog":false,"showMaterialUpdate":false,"showSkybox":true,"showFlares":false,"showImageEffects":true,"showParticleSystems":false},"in2DMode":false,"pivot":{"x":-0.6978414058685303,"y":1.9443566799163819,"z":2.9264817237854006},"rotation":{"x":0.002600523177534342,"y":0.9932162761688232,"z":-0.11403131484985352,"w":0.022650474682450296},"size":-0.00727534294128418,"orthographic":false}